{"(61, 512, 8)": {"encoder_kernel1": [1, 1], "encoder_stride1": [1, 3], "encoder_padding1": [0, 1], "encoder_kernel2": [1, 2], "encoder_stride2": [2, 5], "encoder_padding2": [0, 0], "encoder_kernel3": [3, 2], "encoder_stride3": [4, 5], "encoder_padding3": [0, 1]}, "(81, 512, 8)": {"encoder_kernel1": [1, 1], "encoder_stride1": [1, 3], "encoder_padding1": [0, 1], "encoder_kernel2": [1, 2], "encoder_stride2": [4, 5], "encoder_padding2": [0, 0], "encoder_kernel3": [2, 2], "encoder_stride3": [3, 5], "encoder_padding3": [1, 1]}, "(181, 512, 8)": {"encoder_kernel1": [4, 4], "encoder_stride1": [4, 4], "encoder_padding1": [1, 1], "encoder_kernel2": [3, 4], "encoder_stride2": [3, 4], "encoder_padding2": [1, 1], "encoder_kernel3": [3, 4], "encoder_stride3": [2, 4], "encoder_padding3": [1, 0]}, "(181, 560, 8)": {"encoder_kernel1": [4, 4], "encoder_stride1": [4, 4], "encoder_padding1": [1, 1], "encoder_kernel2": [3, 4], "encoder_stride2": [3, 4], "encoder_padding2": [1, 1], "encoder_kernel3": [3, 4], "encoder_stride3": [2, 4], "encoder_padding3": [1, 0]}, "(81, 560, 8)": {"encoder_kernel1": [1, 1], "encoder_stride1": [1, 3], "encoder_padding1": [0, 1], "encoder_kernel2": [1, 3], "encoder_stride2": [4, 5], "encoder_padding2": [0, 0], "encoder_kernel3": [2, 3], "encoder_stride3": [3, 5], "encoder_padding3": [1, 0]}, "(60, 128, 8)": {"encoder_kernel1": [1, 1], "encoder_stride1": [1, 1], "encoder_padding1": [0, 0], "encoder_kernel2": [2, 2], "encoder_stride2": [2, 4], "encoder_padding2": [0, 1], "encoder_kernel3": [2, 5], "encoder_stride3": [4, 4], "encoder_padding3": [0, 0]}, "(80, 128, 8)": {"encoder_kernel1": [1, 1], "encoder_stride1": [1, 1], "encoder_padding1": [0, 0], "encoder_kernel2": [1, 2], "encoder_stride2": [3, 4], "encoder_padding2": [1, 1], "encoder_kernel3": [2, 5], "encoder_stride3": [4, 4], "encoder_padding3": [1, 0]}, "(60, 512, 8)": {"encoder_kernel1": [1, 1], "encoder_stride1": [1, 3], "encoder_padding1": [0, 1], "encoder_kernel2": [2, 2], "encoder_stride2": [2, 5], "encoder_padding2": [0, 0], "encoder_kernel3": [2, 2], "encoder_stride3": [4, 5], "encoder_padding3": [0, 1]}, "(80, 512, 8)": {"encoder_kernel1": [1, 1], "encoder_stride1": [1, 3], "encoder_padding1": [0, 1], "encoder_kernel2": [1, 2], "encoder_stride2": [3, 5], "encoder_padding2": [1, 0], "encoder_kernel3": [2, 2], "encoder_stride3": [4, 5], "encoder_padding3": [1, 1]}, "(121, 512, 8)": {"encoder_kernel1": [1, 1], "encoder_stride1": [1, 3], "encoder_padding1": [0, 1], "encoder_kernel2": [1, 2], "encoder_stride2": [4, 5], "encoder_padding2": [0, 0], "encoder_kernel3": [3, 2], "encoder_stride3": [4, 5], "encoder_padding3": [0, 1]}, "(61, 560, 8)": {"encoder_kernel1": [1, 1], "encoder_stride1": [1, 3], "encoder_padding1": [0, 1], "encoder_kernel2": [1, 3], "encoder_stride2": [2, 5], "encoder_padding2": [0, 0], "encoder_kernel3": [3, 3], "encoder_stride3": [4, 5], "encoder_padding3": [0, 0]}, "(161, 512, 8)": {"encoder_kernel1": [1, 1], "encoder_stride1": [1, 3], "encoder_padding1": [0, 1], "encoder_kernel2": [1, 2], "encoder_stride2": [5, 5], "encoder_padding2": [0, 0], "encoder_kernel3": [5, 2], "encoder_stride3": [4, 5], "encoder_padding3": [0, 1]}, "(141, 512, 8)": {"encoder_kernel1": [1, 1], "encoder_stride1": [1, 3], "encoder_padding1": [0, 1], "encoder_kernel2": [1, 2], "encoder_stride2": [4, 5], "encoder_padding2": [0, 0], "encoder_kernel3": [1, 2], "encoder_stride3": [5, 5], "encoder_padding3": [0, 1]}, "(101, 512, 8)": {"encoder_kernel1": [1, 1], "encoder_stride1": [1, 3], "encoder_padding1": [0, 1], "encoder_kernel2": [1, 2], "encoder_stride2": [3, 5], "encoder_padding2": [1, 0], "encoder_kernel3": [2, 2], "encoder_stride3": [5, 5], "encoder_padding3": [1, 1]}, "(180, 512, 8)": {"encoder_kernel1": [1, 1], "encoder_stride1": [1, 3], "encoder_padding1": [0, 1], "encoder_kernel2": [2, 2], "encoder_stride2": [5, 5], "encoder_padding2": [1, 0], "encoder_kernel3": [2, 2], "encoder_stride3": [5, 5], "encoder_padding3": [0, 1]}, "(120, 64, 8)": {"encoder_kernel1": [1, 1], "encoder_stride1": [1, 1], "encoder_padding1": [0, 0], "encoder_kernel2": [2, 1], "encoder_stride2": [4, 3], "encoder_padding2": [1, 0], "encoder_kernel3": [3, 1], "encoder_stride3": [4, 3], "encoder_padding3": [0, 0]}, "(51, 512, 8)": {"encoder_kernel1": [1, 1], "encoder_stride1": [1, 3], "encoder_padding1": [0, 1], "encoder_kernel2": [1, 2], "encoder_stride2": [2, 5], "encoder_padding2": [0, 0], "encoder_kernel3": [5, 2], "encoder_stride3": [3, 5], "encoder_padding3": [0, 1]}, "(11, 512, 8)": {"encoder_kernel1": [1, 1], "encoder_stride1": [1, 3], "encoder_padding1": [0, 1], "encoder_kernel2": [1, 2], "encoder_stride2": [1, 5], "encoder_padding2": [0, 0], "encoder_kernel3": [4, 2], "encoder_stride3": [1, 5], "encoder_padding3": [0, 1]}}